{"cameraMode":{"drawMode":0,"name":"Shaded","section":"Shading Mode"},"sceneLighting":true,"audioPlay":false,"sceneViewState":{"showFog":true,"showMaterialUpdate":false,"showSkybox":true,"showFlares":true,"showImageEffects":true,"showParticleSystems":true},"in2DMode":false,"pivot":{"x":-8.830568313598633,"y":1.2292380332946778,"z":23.752410888671876},"rotation":{"x":0.0016058945329859853,"y":-0.4657539427280426,"z":-0.0007883168873377144,"w":-0.8849451541900635},"size":-0.13740283250808717,"orthographic":false}